-- SQLite to PostgreSQL Data Export
-- Generated: 2025-11-04T12:07:18.429Z
-- Database: coop_database.db


-- PRODUCTS TABLE (41 rows)
INSERT INTO products (product_type, product_name, current_price, vat, effective_date, created_at) VALUES ('fuel', 'بنزين ٨', 8.5, 0, '2025-10-17', '2025-10-23 08:37:00');
INSERT INTO products (product_type, product_name, current_price, vat, effective_date, created_at) VALUES ('fuel', 'بنزين ٨٠', 8.5, 0, '2025-10-17', '2025-10-23 08:37:00');
INSERT INTO products (product_type, product_name, current_price, vat, effective_date, created_at) VALUES ('fuel', 'بنزين ٩٢', 10.5, 0, '2025-10-17', '2025-10-23 08:37:00');
INSERT INTO products (product_type, product_name, current_price, vat, effective_date, created_at) VALUES ('fuel', 'بنزين ٩٥', 11.5, 0, '2025-10-17', '2025-10-23 08:37:00');
INSERT INTO products (product_type, product_name, current_price, vat, effective_date, created_at) VALUES ('fuel', 'سولار', 7.5, 0, '2025-10-17', '2025-10-23 08:37:00');
INSERT INTO products (product_type, product_name, current_price, vat, effective_date, created_at) VALUES ('oil', 'COOP FACT 20L', 2198, 14, '2025-10-20', '2025-10-23 08:37:00');
INSERT INTO products (product_type, product_name, current_price, vat, effective_date, created_at) VALUES ('oil', 'COOP FACT 8L', 890, 14, '2025-10-17', '2025-10-23 08:37:00');
INSERT INTO products (product_type, product_name, current_price, vat, effective_date, created_at) VALUES ('oil', 'COOP FACT 5L', 555, 14, '2025-10-17', '2025-10-23 08:37:00');
INSERT INTO products (product_type, product_name, current_price, vat, effective_date, created_at) VALUES ('oil', 'COOP FACT 4L', 4450, 14, '2025-10-17', '2025-10-23 08:37:00');
INSERT INTO products (product_type, product_name, current_price, vat, effective_date, created_at) VALUES ('oil', 'COOP FACT 1L', 119, 14, '2025-10-17', '2025-10-23 08:37:00');
INSERT INTO products (product_type, product_name, current_price, vat, effective_date, created_at) VALUES ('oil', 'SUPER STAN 180L', 18468, 14, '2025-10-17', '2025-10-23 08:37:00');
INSERT INTO products (product_type, product_name, current_price, vat, effective_date, created_at) VALUES ('oil', 'SUPER STAN 20L', 1850, 14, '2025-10-17', '2025-10-23 08:37:00');
INSERT INTO products (product_type, product_name, current_price, vat, effective_date, created_at) VALUES ('oil', 'SUPER STAN 4L', 385, 14, '2025-10-17', '2025-10-23 08:37:00');
INSERT INTO products (product_type, product_name, current_price, vat, effective_date, created_at) VALUES ('oil', 'ONE EXTRA 5W/40', 1450, 14, '2025-10-17', '2025-10-23 08:37:00');
INSERT INTO products (product_type, product_name, current_price, vat, effective_date, created_at) VALUES ('oil', 'ONE EXTRA 5W/40 5L', 1700, 14, '2025-10-17', '2025-10-23 08:37:00');
INSERT INTO products (product_type, product_name, current_price, vat, effective_date, created_at) VALUES ('oil', 'CI4 15W/40 20L', 3050, 14, '2025-10-17', '2025-10-23 08:37:00');
INSERT INTO products (product_type, product_name, current_price, vat, effective_date, created_at) VALUES ('oil', 'CI4 5L', 750, 14, '2025-10-17', '2025-10-23 08:37:00');
INSERT INTO products (product_type, product_name, current_price, vat, effective_date, created_at) VALUES ('oil', 'SJ 4L', 545, 14, '2025-10-17', '2025-10-23 08:37:00');
INSERT INTO products (product_type, product_name, current_price, vat, effective_date, created_at) VALUES ('oil', 'SJ 1L', 145, 14, '2025-10-17', '2025-10-23 08:37:00');
INSERT INTO products (product_type, product_name, current_price, vat, effective_date, created_at) VALUES ('oil', 'CPC 8000 4L', 900, 14, '2025-10-17', '2025-10-23 08:37:00');
INSERT INTO products (product_type, product_name, current_price, vat, effective_date, created_at) VALUES ('oil', 'CPC 8000 5L', 1125, 14, '2025-10-17', '2025-10-23 08:37:00');
INSERT INTO products (product_type, product_name, current_price, vat, effective_date, created_at) VALUES ('oil', 'XPL 4L', 650, 14, '2025-10-17', '2025-10-23 08:37:00');
INSERT INTO products (product_type, product_name, current_price, vat, effective_date, created_at) VALUES ('oil', 'SF 20/50 4L', 470, 14, '2025-10-17', '2025-10-23 08:37:00');
INSERT INTO products (product_type, product_name, current_price, vat, effective_date, created_at) VALUES ('oil', 'SF 20/50 1L', 125, 14, '2025-10-17', '2025-10-23 08:37:00');
INSERT INTO products (product_type, product_name, current_price, vat, effective_date, created_at) VALUES ('oil', 'HYDRAULIC 68', 1150, 14, '2025-10-17', '2025-10-23 08:37:00');
INSERT INTO products (product_type, product_name, current_price, vat, effective_date, created_at) VALUES ('oil', 'DIXERON 1L', 240, 14, '2025-10-17', '2025-10-23 08:37:00');
INSERT INTO products (product_type, product_name, current_price, vat, effective_date, created_at) VALUES ('oil', 'تروس ١٦٠ HP ١٨ لتر', 1700, 14, '2025-10-17', '2025-10-23 08:37:00');
INSERT INTO products (product_type, product_name, current_price, vat, effective_date, created_at) VALUES ('oil', 'ماء أحمر راديتير', 295, 14, '2025-10-17', '2025-10-23 08:37:00');
INSERT INTO products (product_type, product_name, current_price, vat, effective_date, created_at) VALUES ('oil', 'باكم ١\٤ لتر', 0, 14, '2025-10-17', '2025-10-23 08:37:00');
INSERT INTO products (product_type, product_name, current_price, vat, effective_date, created_at) VALUES ('oil', 'سايب ١ ك', 98, 0, '2025-10-17', '2025-10-23 08:37:00');
INSERT INTO products (product_type, product_name, current_price, vat, effective_date, created_at) VALUES ('oil', 'رويال كلين ٨٠٠م', 0, 5, '2025-10-17', '2025-10-23 08:37:00');
INSERT INTO products (product_type, product_name, current_price, vat, effective_date, created_at) VALUES ('oil', 'شامبو سيارات', 35, 14, '2025-10-17', '2025-10-23 08:37:00');
INSERT INTO products (product_type, product_name, current_price, vat, effective_date, created_at) VALUES ('oil', 'ماء مقطر', 15, 14, '2025-10-17', '2025-10-23 08:37:00');
INSERT INTO products (product_type, product_name, current_price, vat, effective_date, created_at) VALUES ('oil', 'نيو فاست رائحة التفاح', 85, 14, '2025-10-17', '2025-10-23 08:37:00');
INSERT INTO products (product_type, product_name, current_price, vat, effective_date, created_at) VALUES ('oil', 'منظف الايدي بالمضخة', 50, 14, '2025-10-17', '2025-10-23 08:37:00');
INSERT INTO products (product_type, product_name, current_price, vat, effective_date, created_at) VALUES ('oil', 'ملمع كاوتش سيارة', 75, 14, '2025-10-17', '2025-10-23 08:37:00');
INSERT INTO products (product_type, product_name, current_price, vat, effective_date, created_at) VALUES ('oil', 'كورال بلومارين', 190, 14, '2025-10-17', '2025-10-23 08:37:00');
INSERT INTO products (product_type, product_name, current_price, vat, effective_date, created_at) VALUES ('oil', 'ملمع تابلوه الترشاين', 75, 14, '2025-10-17', '2025-10-23 08:37:00');
INSERT INTO products (product_type, product_name, current_price, vat, effective_date, created_at) VALUES ('oil', 'ماء أخضر راديتير', 220, 14, '2025-10-17', '2025-10-23 08:37:00');
INSERT INTO products (product_type, product_name, current_price, vat, effective_date, created_at) VALUES ('oil', 'باكم ١٤ لتر', 85, 0, '2025-10-17', '2025-10-23 08:37:00');
INSERT INTO products (product_type, product_name, current_price, vat, effective_date, created_at) VALUES ('oil', 'رويال كلين ٣٢ كيلو', 30, 0, '2025-10-17', '2025-10-23 08:37:00');

-- FUEL_PRICES TABLE (4 rows)
INSERT INTO fuel_prices (fuel_type, price, updated_at) VALUES ('بنزين ٨٠', 8.5, '2025-10-23 08:44:29');
INSERT INTO fuel_prices (fuel_type, price, updated_at) VALUES ('بنزين ٩٢', 10.5, '2025-10-23 08:44:29');
INSERT INTO fuel_prices (fuel_type, price, updated_at) VALUES ('بنزين ٩٥', 11.5, '2025-10-23 08:44:29');
INSERT INTO fuel_prices (fuel_type, price, updated_at) VALUES ('سولار', 7.5, '2025-10-23 08:44:29');

-- PURCHASE_PRICES TABLE (76 rows)
INSERT INTO purchase_prices (fuel_type, price, updated_at) VALUES ('بنزين ٨٠', 8, '2025-10-21 23:38:16');
INSERT INTO purchase_prices (fuel_type, price, updated_at) VALUES ('بنزين ٩٢', 10, '2025-10-21 23:38:16');
INSERT INTO purchase_prices (fuel_type, price, updated_at) VALUES ('بنزين ٩٥', 11, '2025-10-21 23:38:16');
INSERT INTO purchase_prices (fuel_type, price, updated_at) VALUES ('سولار', 7, '2025-10-21 23:38:16');
INSERT INTO purchase_prices (fuel_type, price, updated_at) VALUES ('بنزين ٨٠', 8, '2025-10-22 15:45:56');
INSERT INTO purchase_prices (fuel_type, price, updated_at) VALUES ('بنزين ٩٢', 10, '2025-10-22 15:45:56');
INSERT INTO purchase_prices (fuel_type, price, updated_at) VALUES ('بنزين ٩٥', 11, '2025-10-22 15:45:56');
INSERT INTO purchase_prices (fuel_type, price, updated_at) VALUES ('سولار', 7, '2025-10-22 15:45:56');
INSERT INTO purchase_prices (fuel_type, price, updated_at) VALUES ('بنزين ٨٠', 8, '2025-10-22 17:03:08');
INSERT INTO purchase_prices (fuel_type, price, updated_at) VALUES ('بنزين ٩٢', 10, '2025-10-22 17:03:08');
INSERT INTO purchase_prices (fuel_type, price, updated_at) VALUES ('بنزين ٩٥', 11, '2025-10-22 17:03:08');
INSERT INTO purchase_prices (fuel_type, price, updated_at) VALUES ('سولار', 7, '2025-10-22 17:03:08');
INSERT INTO purchase_prices (fuel_type, price, updated_at) VALUES ('بنزين ٨٠', 8, '2025-10-22 17:07:55');
INSERT INTO purchase_prices (fuel_type, price, updated_at) VALUES ('بنزين ٩٢', 10, '2025-10-22 17:07:55');
INSERT INTO purchase_prices (fuel_type, price, updated_at) VALUES ('بنزين ٩٥', 11, '2025-10-22 17:07:55');
INSERT INTO purchase_prices (fuel_type, price, updated_at) VALUES ('سولار', 7, '2025-10-22 17:07:55');
INSERT INTO purchase_prices (fuel_type, price, updated_at) VALUES ('بنزين ٨٠', 8, '2025-10-22 19:33:29');
INSERT INTO purchase_prices (fuel_type, price, updated_at) VALUES ('بنزين ٩٢', 10, '2025-10-22 19:33:29');
INSERT INTO purchase_prices (fuel_type, price, updated_at) VALUES ('بنزين ٩٥', 11, '2025-10-22 19:33:29');
INSERT INTO purchase_prices (fuel_type, price, updated_at) VALUES ('سولار', 7, '2025-10-22 19:33:29');
INSERT INTO purchase_prices (fuel_type, price, updated_at) VALUES ('بنزين ٨٠', 8, '2025-10-22 20:13:42');
INSERT INTO purchase_prices (fuel_type, price, updated_at) VALUES ('بنزين ٩٢', 10, '2025-10-22 20:13:42');
INSERT INTO purchase_prices (fuel_type, price, updated_at) VALUES ('بنزين ٩٥', 11, '2025-10-22 20:13:42');
INSERT INTO purchase_prices (fuel_type, price, updated_at) VALUES ('سولار', 7, '2025-10-22 20:13:42');
INSERT INTO purchase_prices (fuel_type, price, updated_at) VALUES ('بنزين ٨٠', 8, '2025-10-23 08:44:29');
INSERT INTO purchase_prices (fuel_type, price, updated_at) VALUES ('بنزين ٩٢', 10, '2025-10-23 08:44:29');
INSERT INTO purchase_prices (fuel_type, price, updated_at) VALUES ('بنزين ٩٥', 11, '2025-10-23 08:44:29');
INSERT INTO purchase_prices (fuel_type, price, updated_at) VALUES ('سولار', 7, '2025-10-23 08:44:29');
INSERT INTO purchase_prices (fuel_type, price, updated_at) VALUES ('بنزين ٨٠', 8, '2025-10-23 08:47:52');
INSERT INTO purchase_prices (fuel_type, price, updated_at) VALUES ('بنزين ٩٢', 10, '2025-10-23 08:47:52');
INSERT INTO purchase_prices (fuel_type, price, updated_at) VALUES ('بنزين ٩٥', 11, '2025-10-23 08:47:52');
INSERT INTO purchase_prices (fuel_type, price, updated_at) VALUES ('سولار', 7, '2025-10-23 08:47:52');
INSERT INTO purchase_prices (fuel_type, price, updated_at) VALUES ('بنزين ٨٠', 8, '2025-10-24 09:13:53');
INSERT INTO purchase_prices (fuel_type, price, updated_at) VALUES ('بنزين ٩٢', 10, '2025-10-24 09:13:53');
INSERT INTO purchase_prices (fuel_type, price, updated_at) VALUES ('بنزين ٩٥', 11, '2025-10-24 09:13:53');
INSERT INTO purchase_prices (fuel_type, price, updated_at) VALUES ('سولار', 7, '2025-10-24 09:13:53');
INSERT INTO purchase_prices (fuel_type, price, updated_at) VALUES ('بنزين ٨٠', 8, '2025-10-24 09:16:31');
INSERT INTO purchase_prices (fuel_type, price, updated_at) VALUES ('بنزين ٩٢', 10, '2025-10-24 09:16:31');
INSERT INTO purchase_prices (fuel_type, price, updated_at) VALUES ('بنزين ٩٥', 11, '2025-10-24 09:16:31');
INSERT INTO purchase_prices (fuel_type, price, updated_at) VALUES ('سولار', 7, '2025-10-24 09:16:31');
INSERT INTO purchase_prices (fuel_type, price, updated_at) VALUES ('بنزين ٨٠', 8, '2025-10-24 09:19:29');
INSERT INTO purchase_prices (fuel_type, price, updated_at) VALUES ('بنزين ٩٢', 10, '2025-10-24 09:19:29');
INSERT INTO purchase_prices (fuel_type, price, updated_at) VALUES ('بنزين ٩٥', 11, '2025-10-24 09:19:29');
INSERT INTO purchase_prices (fuel_type, price, updated_at) VALUES ('سولار', 7, '2025-10-24 09:19:29');
INSERT INTO purchase_prices (fuel_type, price, updated_at) VALUES ('بنزين ٨٠', 8, '2025-10-24 12:25:17');
INSERT INTO purchase_prices (fuel_type, price, updated_at) VALUES ('بنزين ٩٢', 10, '2025-10-24 12:25:17');
INSERT INTO purchase_prices (fuel_type, price, updated_at) VALUES ('بنزين ٩٥', 11, '2025-10-24 12:25:17');
INSERT INTO purchase_prices (fuel_type, price, updated_at) VALUES ('سولار', 7, '2025-10-24 12:25:17');
INSERT INTO purchase_prices (fuel_type, price, updated_at) VALUES ('بنزين ٨٠', 8, '2025-10-24 13:03:27');
INSERT INTO purchase_prices (fuel_type, price, updated_at) VALUES ('بنزين ٩٢', 10, '2025-10-24 13:03:27');
INSERT INTO purchase_prices (fuel_type, price, updated_at) VALUES ('بنزين ٩٥', 11, '2025-10-24 13:03:27');
INSERT INTO purchase_prices (fuel_type, price, updated_at) VALUES ('سولار', 7, '2025-10-24 13:03:27');
INSERT INTO purchase_prices (fuel_type, price, updated_at) VALUES ('بنزين ٨٠', 8, '2025-10-24 13:09:24');
INSERT INTO purchase_prices (fuel_type, price, updated_at) VALUES ('بنزين ٩٢', 10, '2025-10-24 13:09:24');
INSERT INTO purchase_prices (fuel_type, price, updated_at) VALUES ('بنزين ٩٥', 11, '2025-10-24 13:09:24');
INSERT INTO purchase_prices (fuel_type, price, updated_at) VALUES ('سولار', 7, '2025-10-24 13:09:24');
INSERT INTO purchase_prices (fuel_type, price, updated_at) VALUES ('بنزين ٨٠', 8, '2025-10-24 20:52:36');
INSERT INTO purchase_prices (fuel_type, price, updated_at) VALUES ('بنزين ٩٢', 10, '2025-10-24 20:52:36');
INSERT INTO purchase_prices (fuel_type, price, updated_at) VALUES ('بنزين ٩٥', 11, '2025-10-24 20:52:36');
INSERT INTO purchase_prices (fuel_type, price, updated_at) VALUES ('سولار', 7, '2025-10-24 20:52:36');
INSERT INTO purchase_prices (fuel_type, price, updated_at) VALUES ('بنزين ٨٠', 8, '2025-10-25 21:44:04');
INSERT INTO purchase_prices (fuel_type, price, updated_at) VALUES ('بنزين ٩٢', 10, '2025-10-25 21:44:04');
INSERT INTO purchase_prices (fuel_type, price, updated_at) VALUES ('بنزين ٩٥', 11, '2025-10-25 21:44:04');
INSERT INTO purchase_prices (fuel_type, price, updated_at) VALUES ('سولار', 7, '2025-10-25 21:44:04');
INSERT INTO purchase_prices (fuel_type, price, updated_at) VALUES ('بنزين ٨٠', 8, '2025-10-25 22:18:16');
INSERT INTO purchase_prices (fuel_type, price, updated_at) VALUES ('بنزين ٩٢', 10, '2025-10-25 22:18:16');
INSERT INTO purchase_prices (fuel_type, price, updated_at) VALUES ('بنزين ٩٥', 11, '2025-10-25 22:18:16');
INSERT INTO purchase_prices (fuel_type, price, updated_at) VALUES ('سولار', 7, '2025-10-25 22:18:16');
INSERT INTO purchase_prices (fuel_type, price, updated_at) VALUES ('بنزين ٨٠', 8, '2025-10-25 22:23:20');
INSERT INTO purchase_prices (fuel_type, price, updated_at) VALUES ('بنزين ٩٢', 10, '2025-10-25 22:23:20');
INSERT INTO purchase_prices (fuel_type, price, updated_at) VALUES ('بنزين ٩٥', 11, '2025-10-25 22:23:20');
INSERT INTO purchase_prices (fuel_type, price, updated_at) VALUES ('سولار', 7, '2025-10-25 22:23:20');
INSERT INTO purchase_prices (fuel_type, price, updated_at) VALUES ('بنزين ٨٠', 8, '2025-10-25 22:32:55');
INSERT INTO purchase_prices (fuel_type, price, updated_at) VALUES ('بنزين ٩٢', 10, '2025-10-25 22:32:55');
INSERT INTO purchase_prices (fuel_type, price, updated_at) VALUES ('بنزين ٩٥', 11, '2025-10-25 22:32:55');
INSERT INTO purchase_prices (fuel_type, price, updated_at) VALUES ('سولار', 7, '2025-10-25 22:32:55');

-- SALES TABLE (1 rows)
INSERT INTO sales (date, fuel_type, quantity, price_per_liter, total_amount, payment_method, customer_name, notes) VALUES ('2025-08-17', 'بنزين 80', 1000, 2.18, 2180, 'نقداً', '', '');

-- OIL_MOVEMENTS TABLE (4 rows)
INSERT INTO oil_movements (oil_type, date, type, quantity, invoice_number, created_at) VALUES ('COOP FACT 20L', '2025-09-07', 'in', 100, '122', '2025-09-07 08:45:18');
INSERT INTO oil_movements (oil_type, date, type, quantity, invoice_number, created_at) VALUES ('COOP FACT 20L', '2025-09-07', 'out', 15, NULL, '2025-09-07 08:45:35');
INSERT INTO oil_movements (oil_type, date, type, quantity, invoice_number, created_at) VALUES ('COOP FACT 20L', '2025-09-04', 'in', 20, '19', '2025-09-07 08:46:00');
INSERT INTO oil_movements (oil_type, date, type, quantity, invoice_number, created_at) VALUES ('COOP FACT 20L', '2025-09-08', 'out', 50, NULL, '2025-09-07 08:46:20');

-- FUEL_MOVEMENTS TABLE (4 rows)
INSERT INTO fuel_movements (fuel_type, date, type, quantity, invoice_number, notes, created_at) VALUES ('بنزين ٨٠', '2025-10-25', 'in', 100000, 'INV-25102025-679', 'Acquisto - Prezzo: 9 جنيه/لتر - Totale: 0 جنيه', '2025-10-25 21:58:54');
INSERT INTO fuel_movements (fuel_type, date, type, quantity, invoice_number, notes, created_at) VALUES ('بنزين ٩٢', '2025-10-25', 'in', 130000, 'INV-25102025-679', 'Acquisto - Prezzo: 12 جنيه/لتر - Totale: 0 جنيه', '2025-10-25 21:58:54');
INSERT INTO fuel_movements (fuel_type, date, type, quantity, invoice_number, notes, created_at) VALUES ('بنزين ٨٠', '2025-10-23', 'in', 120000, 'INV-26102025-573', 'Acquisto - Prezzo: 9 جنيه/لتر - Totale: 0 جنيه', '2025-10-25 22:27:16');
INSERT INTO fuel_movements (fuel_type, date, type, quantity, invoice_number, notes, created_at) VALUES ('بنزين ٩٢', '2025-10-23', 'in', 98000, 'INV-26102025-573', 'Acquisto - Prezzo: 12 جنيه/لتر - Totale: 0 جنيه', '2025-10-25 22:27:16');

-- PRICE_HISTORY TABLE (2 rows)
INSERT INTO price_history (product_type, product_name, price, start_date, created_at, product_id) VALUES ('oil', 'COOP FACT 20L', 2190, '2025-10-19', '2025-10-23 08:44:47', 6);
INSERT INTO price_history (product_type, product_name, price, start_date, created_at, product_id) VALUES ('oil', 'COOP FACT 20L', 2198, '2025-10-20', '2025-10-23 08:48:10', 6);

-- FUEL_INVOICES TABLE (4 rows)
INSERT INTO fuel_invoices (date, invoice_number, fuel_type, quantity, net_quantity, purchase_price, sale_price, total, profit, created_at, invoice_total) VALUES ('2025-10-25', 'INV-25102025-679', 'بنزين ٨٠', 100000, 99500, 9, 0, 0, -895500, '2025-10-25 21:58:54', 2460000);
INSERT INTO fuel_invoices (date, invoice_number, fuel_type, quantity, net_quantity, purchase_price, sale_price, total, profit, created_at, invoice_total) VALUES ('2025-10-25', 'INV-25102025-679', 'بنزين ٩٢', 130000, 129350, 12, 0, 0, -1552200, '2025-10-25 21:58:54', 2460000);
INSERT INTO fuel_invoices (date, invoice_number, fuel_type, quantity, net_quantity, purchase_price, sale_price, total, profit, created_at, invoice_total) VALUES ('2025-10-23', 'INV-26102025-573', 'بنزين ٨٠', 120000, 119400, 9, 0, 0, -1074600, '2025-10-25 22:27:16', 2256000);
INSERT INTO fuel_invoices (date, invoice_number, fuel_type, quantity, net_quantity, purchase_price, sale_price, total, profit, created_at, invoice_total) VALUES ('2025-10-23', 'INV-26102025-573', 'بنزين ٩٢', 98000, 97510, 12, 0, 0, -1170120, '2025-10-25 22:27:16', 2256000);
